-- MySQL dump 10.13  Distrib 5.6.24, for Win64 (x86_64)
--
-- Host: 127.0.0.1    Database: dbcds1
-- ------------------------------------------------------
-- Server version	5.5.5-10.1.10-MariaDB

/*!40101 SET @OLD_CHARACTER_SET_CLIENT=@@CHARACTER_SET_CLIENT */;
/*!40101 SET @OLD_CHARACTER_SET_RESULTS=@@CHARACTER_SET_RESULTS */;
/*!40101 SET @OLD_COLLATION_CONNECTION=@@COLLATION_CONNECTION */;
/*!40101 SET NAMES utf8 */;
/*!40103 SET @OLD_TIME_ZONE=@@TIME_ZONE */;
/*!40103 SET TIME_ZONE='+00:00' */;
/*!40014 SET @OLD_UNIQUE_CHECKS=@@UNIQUE_CHECKS, UNIQUE_CHECKS=0 */;
/*!40014 SET @OLD_FOREIGN_KEY_CHECKS=@@FOREIGN_KEY_CHECKS, FOREIGN_KEY_CHECKS=0 */;
/*!40101 SET @OLD_SQL_MODE=@@SQL_MODE, SQL_MODE='NO_AUTO_VALUE_ON_ZERO' */;
/*!40111 SET @OLD_SQL_NOTES=@@SQL_NOTES, SQL_NOTES=0 */;

--
-- Table structure for table `tblcost`
--

DROP TABLE IF EXISTS `tblcost`;
/*!40101 SET @saved_cs_client     = @@character_set_client */;
/*!40101 SET character_set_client = utf8 */;
CREATE TABLE `tblcost` (
  `idCost` int(11) NOT NULL,
  `idInDoor` int(11) DEFAULT NULL,
  `idOutDoor` int(11) DEFAULT NULL,
  `cost` double DEFAULT NULL,
  PRIMARY KEY (`idCost`),
  KEY `FK_tblCost_tblInDoor` (`idInDoor`),
  KEY `FK_tblCost_tblOutDoor` (`idOutDoor`)
) ENGINE=InnoDB DEFAULT CHARSET=latin1;
/*!40101 SET character_set_client = @saved_cs_client */;

--
-- Dumping data for table `tblcost`
--

LOCK TABLES `tblcost` WRITE;
/*!40000 ALTER TABLE `tblcost` DISABLE KEYS */;
INSERT INTO `tblcost` VALUES (1,1,1,4),(2,1,2,5),(3,1,3,6),(4,1,4,8),(5,1,5,8),(6,2,1,5),(7,2,2,4),(8,2,3,5),(9,2,4,6),(10,2,5,7),(11,3,1,6),(12,3,2,5),(13,3,3,4),(14,3,4,5),(15,3,5,6),(16,4,1,2),(17,4,2,34),(18,4,3,0),(19,4,4,0),(20,4,5,0),(21,1,6,0),(22,2,6,0),(23,3,6,0),(24,4,6,0),(25,5,1,0),(26,5,2,0),(27,5,3,0),(28,5,4,0),(29,5,5,0),(30,5,6,0),(31,6,1,0),(32,6,2,0),(33,6,3,0),(34,6,4,0),(35,6,5,0),(36,6,6,0),(37,1,7,0),(38,2,7,0),(39,3,7,0),(40,4,7,0),(41,5,7,0),(42,6,7,0);
/*!40000 ALTER TABLE `tblcost` ENABLE KEYS */;
UNLOCK TABLES;

--
-- Table structure for table `tblcrossdockingsystem`
--

DROP TABLE IF EXISTS `tblcrossdockingsystem`;
/*!40101 SET @saved_cs_client     = @@character_set_client */;
/*!40101 SET character_set_client = utf8 */;
CREATE TABLE `tblcrossdockingsystem` (
  `idCrossDockingSystem` int(11) NOT NULL,
  `nameCrossDockingSystem` varchar(255) DEFAULT NULL,
  `address` varchar(255) DEFAULT NULL,
  `capacity` int(11) DEFAULT NULL,
  PRIMARY KEY (`idCrossDockingSystem`)
) ENGINE=InnoDB DEFAULT CHARSET=latin1;
/*!40101 SET character_set_client = @saved_cs_client */;

--
-- Dumping data for table `tblcrossdockingsystem`
--

LOCK TABLES `tblcrossdockingsystem` WRITE;
/*!40000 ALTER TABLE `tblcrossdockingsystem` DISABLE KEYS */;
INSERT INTO `tblcrossdockingsystem` VALUES (1,'CDS','ADR',22000);
/*!40000 ALTER TABLE `tblcrossdockingsystem` ENABLE KEYS */;
UNLOCK TABLES;

--
-- Table structure for table `tblemployee`
--

DROP TABLE IF EXISTS `tblemployee`;
/*!40101 SET @saved_cs_client     = @@character_set_client */;
/*!40101 SET character_set_client = utf8 */;
CREATE TABLE `tblemployee` (
  `idEmployee` int(11) NOT NULL,
  `fullname` varchar(255) DEFAULT NULL,
  `gender` int(11) DEFAULT NULL,
  `email` varchar(255) DEFAULT NULL,
  `phonenumber` varchar(20) DEFAULT NULL,
  `address` varchar(255) DEFAULT NULL,
  `username` varchar(100) DEFAULT NULL,
  `password` varchar(100) DEFAULT NULL,
  `active` int(11) DEFAULT NULL,
  `level` int(11) DEFAULT NULL,
  `createDate` varchar(50) DEFAULT NULL,
  PRIMARY KEY (`idEmployee`)
) ENGINE=InnoDB DEFAULT CHARSET=latin1;
/*!40101 SET character_set_client = @saved_cs_client */;

--
-- Dumping data for table `tblemployee`
--

LOCK TABLES `tblemployee` WRITE;
/*!40000 ALTER TABLE `tblemployee` DISABLE KEYS */;
INSERT INTO `tblemployee` VALUES (1,'Admin',NULL,NULL,NULL,NULL,'admin','admin',1,1,NULL),(2,'Tran Anh Phuong',1,'taphuongbn94@gmail.com','0962524284','Bac Ninh','taphuong','taphuong',1,2,NULL);
/*!40000 ALTER TABLE `tblemployee` ENABLE KEYS */;
UNLOCK TABLES;

--
-- Table structure for table `tblindoor`
--

DROP TABLE IF EXISTS `tblindoor`;
/*!40101 SET @saved_cs_client     = @@character_set_client */;
/*!40101 SET character_set_client = utf8 */;
CREATE TABLE `tblindoor` (
  `idInDoor` int(11) NOT NULL,
  `nameInDoor` varchar(255) DEFAULT NULL,
  `capacity` int(11) DEFAULT NULL,
  `idCrossDockingSystem` int(11) DEFAULT NULL,
  `status` int(11) DEFAULT NULL,
  PRIMARY KEY (`idInDoor`),
  KEY `FK_tblInDoor_tblCrossDockingSystem` (`idCrossDockingSystem`),
  CONSTRAINT `FK_tblInDoor_tblCrossDockingSystem` FOREIGN KEY (`idCrossDockingSystem`) REFERENCES `tblcrossdockingsystem` (`idCrossDockingSystem`)
) ENGINE=InnoDB DEFAULT CHARSET=latin1;
/*!40101 SET character_set_client = @saved_cs_client */;

--
-- Dumping data for table `tblindoor`
--

LOCK TABLES `tblindoor` WRITE;
/*!40000 ALTER TABLE `tblindoor` DISABLE KEYS */;
INSERT INTO `tblindoor` VALUES (1,'InDoor 1',1000,1,1),(2,'InDoor 2',2000,1,1),(3,'InDoor 3',3000,1,1),(4,'dsafsadf',12,1,0),(5,'sdfsd',43,1,0),(6,'fsfds',123,1,0);
/*!40000 ALTER TABLE `tblindoor` ENABLE KEYS */;
UNLOCK TABLES;

--
-- Table structure for table `tblinvehicle`
--

DROP TABLE IF EXISTS `tblinvehicle`;
/*!40101 SET @saved_cs_client     = @@character_set_client */;
/*!40101 SET character_set_client = utf8 */;
CREATE TABLE `tblinvehicle` (
  `idInVehicle` int(11) NOT NULL,
  `date` date DEFAULT NULL,
  `arrivalTime` varchar(50) DEFAULT NULL,
  `startUnloadTime` varchar(50) DEFAULT NULL,
  `finishUnloadTime` varchar(50) DEFAULT NULL,
  `volumn` double DEFAULT NULL,
  `status` int(11) DEFAULT NULL,
  `idInDoor` int(11) DEFAULT NULL,
  `idVehicle` int(11) DEFAULT NULL,
  `idCrossDockingSystem` int(11) DEFAULT NULL,
  `idInDoorAI` int(11) DEFAULT '-1',
  PRIMARY KEY (`idInVehicle`),
  KEY `FK_tblInVehicle_tblInDoor` (`idInDoor`),
  KEY `FK_tblInVehicle_tblCrossDockingSystem` (`idCrossDockingSystem`),
  KEY `FK_tblInVehicle_tblVehicle` (`idVehicle`),
  CONSTRAINT `FK_tblInVehicle_tblCrossDockingSystem` FOREIGN KEY (`idCrossDockingSystem`) REFERENCES `tblcrossdockingsystem` (`idCrossDockingSystem`),
  CONSTRAINT `FK_tblInVehicle_tblInDoor` FOREIGN KEY (`idInDoor`) REFERENCES `tblindoor` (`idInDoor`),
  CONSTRAINT `FK_tblInVehicle_tblVehicle` FOREIGN KEY (`idVehicle`) REFERENCES `tblvehicle` (`idVehicle`)
) ENGINE=InnoDB DEFAULT CHARSET=latin1;
/*!40101 SET character_set_client = @saved_cs_client */;

--
-- Dumping data for table `tblinvehicle`
--

LOCK TABLES `tblinvehicle` WRITE;
/*!40000 ALTER TABLE `tblinvehicle` DISABLE KEYS */;
INSERT INTO `tblinvehicle` VALUES (1,'2016-08-28','16:14:00','22:41:00','22:47:00',40,3,1,1,1,NULL),(2,'2016-08-28','16:14:00',NULL,NULL,30,1,1,2,1,NULL),(3,'2016-08-28','16:14:00','19:57:10',NULL,60,2,1,3,1,NULL),(4,'2016-08-28','16:14:00',NULL,NULL,70,0,NULL,4,1,NULL),(5,'2016-08-29','16:14:00',NULL,NULL,80,0,NULL,5,1,NULL),(6,'2016-08-29','15:30:00','23:05:00','23:09:00',90,2,NULL,6,1,NULL),(7,'2016-08-29','15:45:00','22:40:00','22:50:00',100,2,1,7,1,NULL),(8,'2016-09-15','22:10:15',NULL,NULL,45,0,NULL,1,1,NULL),(9,'2016-09-15','22:10:15',NULL,NULL,40,0,NULL,2,1,NULL),(10,'2016-09-15','22:10:15',NULL,NULL,55,0,NULL,3,1,NULL),(11,'2016-09-16','23:16:15',NULL,NULL,40,0,NULL,1,1,NULL),(12,'2016-09-17','00:21:30',NULL,NULL,40,0,NULL,1,1,NULL),(13,'2016-09-17','00:22:00',NULL,NULL,100,0,NULL,2,1,NULL),(14,'2016-09-18','20:10:00',NULL,NULL,40,0,NULL,1,1,NULL),(15,'2016-09-27','21:31:00',NULL,NULL,40,0,NULL,1,1,NULL),(16,'2016-10-05','22:50:15',NULL,NULL,23,0,NULL,2,1,NULL),(17,'2016-10-13','02:38:00',NULL,NULL,69,0,NULL,2,1,NULL),(18,'2016-10-13','20:47:30',NULL,NULL,123,0,NULL,18,1,NULL),(19,'2016-10-14','23:28:45',NULL,NULL,14,0,NULL,1,1,NULL),(20,'2016-10-16','02:38:00',NULL,NULL,50,0,NULL,1,1,NULL),(21,'2016-10-16','02:38:00',NULL,NULL,50,0,NULL,2,1,NULL),(22,'2016-10-17','23:41:45',NULL,NULL,12,0,NULL,1,1,NULL),(23,'2016-10-18','21:44:30',NULL,NULL,31,0,NULL,1,1,NULL),(24,'2016-10-18','12:00:00',NULL,NULL,123,0,NULL,2,1,NULL),(25,'2016-10-18','21:52:00',NULL,NULL,12,0,NULL,3,1,NULL),(26,'2016-10-18','22:58:00',NULL,NULL,12,0,NULL,1,1,NULL),(27,'2016-10-18','22:58:00',NULL,NULL,12,0,NULL,6,1,NULL),(28,'2016-10-18','23:10:00',NULL,NULL,12,0,NULL,1,1,NULL),(29,'2016-10-18','23:11:00',NULL,NULL,12,0,NULL,1,1,NULL),(30,'2016-10-19','01:24:00',NULL,NULL,12,0,NULL,1,1,NULL),(31,'2016-10-19','01:24:00',NULL,NULL,12,0,NULL,2,1,NULL),(32,'2016-10-19','01:24:00',NULL,NULL,12,0,NULL,3,1,NULL),(33,'2016-10-19','01:24:00',NULL,NULL,12,0,NULL,4,1,NULL),(34,'2016-10-19','01:24:00',NULL,NULL,12,0,NULL,5,1,NULL),(35,'2016-10-19','01:24:00',NULL,NULL,12,0,NULL,6,1,NULL),(36,'2016-10-19','01:24:00',NULL,NULL,12,0,NULL,7,1,NULL),(37,'2016-10-19','01:24:00',NULL,NULL,12,0,NULL,8,1,NULL),(38,'2016-10-19','02:01:00',NULL,NULL,31,0,NULL,1,1,NULL),(39,'2016-10-19','02:01:00',NULL,NULL,31,0,NULL,2,1,NULL),(40,'2016-10-19','02:01:00',NULL,NULL,31,0,NULL,3,1,NULL),(41,'2016-10-19','02:01:00',NULL,NULL,31,0,NULL,4,1,NULL),(42,'2016-10-19','02:01:00',NULL,NULL,31,0,NULL,5,1,NULL),(44,'2016-10-19','02:01:00',NULL,NULL,31,0,NULL,7,1,NULL),(45,'2016-10-19','02:01:00',NULL,NULL,31,0,NULL,8,1,NULL),(47,'2016-10-19','02:46:00',NULL,NULL,43,0,NULL,1,1,NULL),(48,'2016-10-19','02:46:00',NULL,NULL,43,0,NULL,4,1,NULL),(49,'2016-10-19','02:46:00',NULL,NULL,43,0,NULL,7,1,NULL),(50,'2016-10-19','02:46:00',NULL,NULL,43,0,NULL,6,1,NULL),(51,'2016-10-19','02:46:00',NULL,NULL,43,0,NULL,10,1,NULL),(52,'2016-10-19','23:28:00',NULL,NULL,12,0,NULL,1,1,NULL),(53,'2016-10-19','22:32:00',NULL,NULL,32,0,NULL,2,1,NULL),(54,'2016-10-19','23:38:00',NULL,NULL,45,0,NULL,3,1,NULL),(55,'2016-10-19','22:39:00',NULL,NULL,65,0,NULL,4,1,NULL),(56,'2016-10-19','22:39:00',NULL,NULL,65,0,NULL,5,1,NULL),(57,'2016-10-19','22:39:00',NULL,NULL,65,0,NULL,6,1,NULL),(58,'2016-10-19','22:39:00',NULL,NULL,65,0,NULL,7,1,NULL),(59,'2016-10-19','23:39:00',NULL,NULL,123,0,NULL,8,1,NULL),(60,'2016-10-19','23:39:00',NULL,NULL,123,0,NULL,14,1,NULL),(61,'2016-10-19','23:39:00',NULL,NULL,123,0,NULL,6,1,NULL),(62,'2016-10-20','01:00:00',NULL,NULL,12,0,NULL,1,1,NULL),(63,'2016-10-20','02:41:00',NULL,NULL,12,0,NULL,2,1,NULL),(64,'2016-10-20','02:41:00',NULL,NULL,12,0,NULL,3,1,NULL),(65,'2016-10-20','02:41:00',NULL,NULL,12,0,NULL,4,1,NULL),(66,'2016-10-20','02:41:00',NULL,NULL,12,0,NULL,5,1,NULL),(67,'2016-10-20','02:41:00',NULL,NULL,12,0,NULL,6,1,NULL),(68,'2016-10-20','02:41:00',NULL,NULL,12,0,NULL,7,1,NULL),(69,'2016-10-20','02:41:00',NULL,NULL,12,0,NULL,8,1,NULL),(70,'2016-10-20','02:41:00',NULL,NULL,12,0,NULL,9,1,NULL),(71,'2016-10-20','02:41:00',NULL,NULL,12,0,NULL,10,1,NULL),(72,'2016-10-20','02:41:00',NULL,NULL,12,0,NULL,11,1,NULL),(73,'2016-10-20','02:41:00',NULL,NULL,12,0,NULL,12,1,NULL),(74,'2016-10-20','02:41:00',NULL,NULL,12,0,NULL,13,1,NULL),(75,'2016-10-20','02:41:00',NULL,NULL,12,0,NULL,14,1,NULL),(76,'2016-10-20','02:41:00',NULL,NULL,12,0,NULL,15,1,NULL),(77,'2016-10-20','02:41:00',NULL,NULL,12,0,NULL,16,1,NULL),(78,'2016-10-20','02:41:00',NULL,NULL,12,0,NULL,17,1,NULL),(79,'2016-10-20','02:41:00',NULL,NULL,12,0,NULL,18,1,NULL),(80,'2016-10-20','22:11:00',NULL,NULL,12,0,NULL,1,1,NULL),(81,'2016-10-20','23:15:00',NULL,NULL,32,0,NULL,2,1,NULL),(82,'2016-10-20','23:15:00',NULL,NULL,32,0,NULL,3,1,NULL),(83,'2016-10-20','23:15:00',NULL,NULL,32,0,NULL,5,1,NULL),(84,'2016-10-20','23:15:00',NULL,NULL,32,0,NULL,4,1,NULL),(85,'2016-10-20','23:15:00',NULL,NULL,32,0,NULL,6,1,NULL),(86,'2016-10-20','23:15:00',NULL,NULL,32,0,NULL,7,1,NULL),(87,'2016-10-20','23:15:00',NULL,NULL,32,0,NULL,8,1,NULL),(88,'2016-10-20','23:15:00',NULL,NULL,32,0,NULL,9,1,NULL),(89,'2016-10-20','23:15:00',NULL,NULL,32,0,NULL,10,1,NULL),(90,'2016-10-21','00:19:00',NULL,NULL,32,0,NULL,1,1,NULL),(91,'2016-10-22','14:09:00',NULL,NULL,12,0,NULL,1,1,NULL),(92,'2016-10-13','02:04:00',NULL,NULL,12,0,NULL,1,1,NULL),(93,'2016-10-11','03:04:00',NULL,NULL,34,0,NULL,1,1,NULL),(94,'2016-10-20','02:06:00',NULL,NULL,12,0,NULL,1,1,NULL),(98,'2016-10-23','03:57:00',NULL,NULL,40,0,NULL,4,1,NULL),(99,'2016-10-23','03:57:00',NULL,NULL,40,0,NULL,5,1,NULL),(100,'2016-10-23','03:57:00',NULL,NULL,40,0,NULL,6,1,NULL),(101,'2016-10-23','03:57:00',NULL,NULL,40,0,NULL,7,1,NULL),(102,'2016-10-23','03:57:00',NULL,NULL,40,0,NULL,8,1,NULL),(103,'2016-10-23','03:57:00',NULL,NULL,40,0,NULL,9,1,NULL),(104,'2016-10-23','03:57:00',NULL,NULL,40,0,NULL,10,1,NULL),(105,'2016-10-23','03:57:00',NULL,NULL,40,0,NULL,11,1,NULL),(106,'2016-10-23','03:57:00',NULL,NULL,40,0,NULL,12,1,NULL),(107,'2016-10-23','03:57:00',NULL,NULL,40,0,NULL,13,1,NULL),(108,'2016-10-23','03:57:00',NULL,NULL,40,0,NULL,14,1,NULL),(109,'2016-10-23','03:57:00',NULL,NULL,40,0,NULL,15,1,NULL),(110,'2016-10-23','03:57:00',NULL,NULL,40,0,NULL,16,1,NULL),(111,'2016-10-23','16:27:00',NULL,NULL,123,0,NULL,1,1,NULL),(112,'2016-10-23','16:27:00',NULL,NULL,123,0,NULL,2,1,NULL),(114,'2016-10-23','03:04:00',NULL,NULL,20,0,NULL,3,1,NULL),(115,'2016-10-23','03:04:00',NULL,NULL,20,0,NULL,4,1,NULL),(116,'2016-10-23','03:04:00',NULL,NULL,20,0,NULL,5,1,NULL),(117,'2016-10-24','03:47:00',NULL,NULL,14,0,NULL,1,1,NULL),(118,'2016-10-23','22:47:00',NULL,NULL,14,0,NULL,2,1,NULL),(119,'2016-10-25','20:43:00',NULL,NULL,20,0,NULL,1,1,NULL),(120,'2016-10-25','20:43:00',NULL,NULL,20,0,NULL,2,1,NULL),(121,'2016-10-25','20:43:00',NULL,NULL,20,0,NULL,3,1,NULL),(122,'2016-10-25','20:43:00',NULL,NULL,20,0,NULL,4,1,NULL),(123,'2016-10-25','20:43:00',NULL,NULL,20,0,NULL,5,1,NULL),(124,'2016-10-25','20:43:00',NULL,NULL,20,0,NULL,6,1,NULL),(125,'2016-10-25','23:05:00',NULL,NULL,50,0,NULL,9,1,NULL),(126,'2016-10-25','23:05:00',NULL,NULL,50,0,NULL,10,1,NULL),(127,'2016-10-25','23:05:00',NULL,NULL,50,0,NULL,11,1,NULL),(128,'2016-10-25','23:05:00',NULL,NULL,50,0,NULL,12,1,NULL),(129,'2016-10-26','01:00:00',NULL,NULL,30,0,NULL,1,1,NULL),(130,'2016-10-26','01:00:00',NULL,NULL,30,0,NULL,2,1,NULL),(131,'2016-10-26','01:00:00',NULL,NULL,30,0,NULL,3,1,NULL),(132,'2016-10-26','01:00:00',NULL,NULL,30,0,NULL,4,1,NULL),(133,'2016-10-26','01:00:00',NULL,NULL,30,0,NULL,5,1,NULL),(134,'2016-10-26','01:00:00',NULL,NULL,30,0,NULL,6,1,NULL),(135,'2016-10-26','01:00:00',NULL,NULL,30,0,NULL,7,1,NULL),(136,'2016-10-26','01:00:00',NULL,NULL,30,0,NULL,8,1,NULL),(137,'2016-10-26','01:00:00',NULL,NULL,30,0,NULL,9,1,NULL),(138,'2016-10-26','01:00:00',NULL,NULL,30,0,NULL,10,1,NULL),(139,'2016-10-26','01:00:00',NULL,NULL,30,0,NULL,11,1,NULL),(140,'2016-10-26','01:00:00',NULL,NULL,30,0,NULL,12,1,NULL),(141,'2016-11-03','23:46:00',NULL,NULL,30,0,NULL,13,1,NULL),(142,'2016-10-26','01:00:00',NULL,NULL,30,0,NULL,14,1,NULL),(143,'2016-11-03','23:40:00',NULL,NULL,30,0,NULL,15,1,NULL),(144,'2016-10-26','01:00:00',NULL,NULL,30,0,NULL,16,1,NULL),(145,'2016-10-26','01:00:00',NULL,NULL,30,0,NULL,17,1,NULL),(146,'2016-10-26','01:00:00',NULL,NULL,30,0,NULL,18,1,NULL),(147,'2016-10-26','01:00:00',NULL,NULL,30,0,NULL,19,1,NULL),(148,'2016-10-26','02:00:00',NULL,NULL,30,0,NULL,1,1,NULL),(149,'2016-10-26','02:00:00',NULL,NULL,30,0,NULL,2,1,NULL),(150,'2016-10-26','02:00:00',NULL,NULL,30,0,NULL,3,1,NULL),(151,'2016-10-26','02:00:00',NULL,NULL,30,0,NULL,4,1,NULL),(152,'2016-10-26','02:00:00',NULL,NULL,30,0,NULL,5,1,NULL),(153,'2016-10-26','02:00:00',NULL,NULL,30,0,NULL,6,1,NULL),(154,'2016-10-26','02:00:00',NULL,NULL,30,3,NULL,7,1,NULL),(155,'2016-10-26','02:00:00',NULL,NULL,30,0,NULL,8,1,NULL),(156,'2016-10-26','02:00:00',NULL,NULL,30,0,NULL,9,1,NULL),(157,'2016-10-26','02:00:00',NULL,NULL,30,0,NULL,10,1,NULL),(158,'2016-10-26','02:00:00',NULL,NULL,30,0,NULL,11,1,NULL),(159,'2016-10-26','02:00:00',NULL,NULL,30,0,NULL,12,1,NULL),(160,'2016-10-26','02:00:00',NULL,NULL,30,0,NULL,13,1,NULL),(161,'2016-10-26','02:00:00',NULL,NULL,30,0,NULL,14,1,NULL),(162,'2016-10-26','02:00:00',NULL,NULL,30,0,NULL,15,1,NULL),(163,'2016-10-26','02:00:00',NULL,NULL,30,0,NULL,16,1,NULL),(164,'2016-10-26','02:00:00',NULL,NULL,30,0,NULL,17,1,NULL),(165,'2016-10-26','02:00:00',NULL,NULL,30,0,NULL,18,1,NULL),(166,'2016-10-26','02:02:00',NULL,NULL,25,0,NULL,1,1,NULL),(167,'2016-10-26','02:02:00',NULL,NULL,25,0,NULL,5,1,NULL),(168,'2016-10-27','00:08:00',NULL,NULL,30,0,NULL,1,1,NULL),(169,'2016-10-27','00:08:00',NULL,NULL,30,0,NULL,2,1,NULL),(170,'2016-10-27','00:08:00',NULL,NULL,30,0,NULL,3,1,NULL),(171,'2016-10-27','00:08:00',NULL,NULL,30,0,NULL,4,1,NULL),(172,'2016-10-27','00:08:00',NULL,NULL,30,0,NULL,5,1,NULL),(173,'2016-10-27','00:08:00',NULL,NULL,30,0,NULL,6,1,NULL),(174,'2016-10-27','00:08:00',NULL,NULL,30,0,NULL,7,1,NULL),(175,'2016-10-27','00:08:00',NULL,NULL,30,0,NULL,8,1,NULL),(176,'2016-10-27','00:08:00',NULL,NULL,30,0,NULL,9,1,NULL),(177,'2016-10-27','00:08:00',NULL,NULL,30,0,NULL,10,1,NULL),(178,'2016-10-27','00:08:00',NULL,NULL,30,0,NULL,11,1,NULL),(179,'2016-10-27','00:08:00',NULL,NULL,30,0,NULL,12,1,NULL),(180,'2016-10-27','00:09:00',NULL,NULL,30,0,NULL,13,1,NULL),(181,'2016-10-27','01:08:00',NULL,NULL,30,0,NULL,14,1,NULL),(182,'2016-10-27','00:08:00',NULL,NULL,30,0,NULL,15,1,NULL),(183,'2016-10-27','00:08:00',NULL,NULL,30,0,NULL,16,1,NULL),(184,'2016-10-27','00:08:00',NULL,NULL,30,0,NULL,17,1,NULL),(185,'2016-10-27','00:08:00',NULL,NULL,30,0,NULL,18,1,NULL),(186,'2016-10-27','00:08:00',NULL,NULL,30,0,NULL,19,1,NULL),(187,'2016-10-27','01:08:00',NULL,NULL,30,0,NULL,1,1,NULL),(188,'2016-10-27','01:08:00',NULL,NULL,30,0,NULL,2,1,NULL),(189,'2016-10-27','01:08:00',NULL,NULL,30,0,NULL,3,1,NULL),(190,'2016-10-27','01:08:00',NULL,NULL,30,0,NULL,4,1,NULL),(191,'2016-10-27','01:08:00',NULL,NULL,30,0,NULL,5,1,NULL),(192,'2016-10-27','01:08:00',NULL,NULL,30,0,NULL,6,1,NULL),(193,'2016-10-27','01:08:00',NULL,NULL,30,0,NULL,7,1,NULL),(194,'2016-10-27','01:08:00',NULL,NULL,30,0,NULL,8,1,NULL),(195,'2016-10-27','01:08:00',NULL,NULL,30,0,NULL,9,1,NULL),(196,'2016-10-27','01:08:00',NULL,NULL,30,0,NULL,10,1,NULL),(197,'2016-10-27','01:08:00',NULL,NULL,30,0,NULL,11,1,NULL),(198,'2016-10-27','01:08:00',NULL,NULL,30,0,NULL,12,1,NULL),(199,'2016-10-27','01:08:00',NULL,NULL,30,0,NULL,13,1,NULL),(200,'2016-10-27','01:08:00',NULL,NULL,30,0,NULL,14,1,NULL),(201,'2016-10-27','01:08:00',NULL,NULL,30,0,NULL,15,1,NULL),(202,'2016-10-27','01:08:00',NULL,NULL,30,0,NULL,16,1,NULL),(203,'2016-10-27','01:08:00',NULL,NULL,30,0,NULL,17,1,NULL),(204,'2016-10-27','01:09:00',NULL,NULL,30,0,NULL,18,1,NULL),(205,'2016-10-27','01:08:00',NULL,NULL,30,0,NULL,19,1,NULL),(206,'2016-10-28','20:22:00',NULL,NULL,40,0,NULL,1,1,NULL),(207,'2016-10-29','06:31:00',NULL,NULL,20,0,NULL,1,1,NULL),(208,'2016-10-29','06:31:00',NULL,NULL,20,0,NULL,2,1,NULL),(209,'2016-10-29','06:31:00',NULL,NULL,20,0,NULL,3,1,NULL),(210,'2016-10-29','06:31:00',NULL,NULL,20,0,NULL,4,1,NULL),(211,'2016-10-30','02:12:00',NULL,NULL,30,0,NULL,1,1,NULL),(212,'2016-11-02','01:16:00',NULL,NULL,NULL,0,NULL,2,1,NULL),(213,'2016-11-06','16:32:00',NULL,NULL,0,0,NULL,5,1,NULL),(214,'2016-11-06','21:53:00',NULL,NULL,0,0,NULL,1,1,NULL),(217,'2016-11-09','01:05:00',NULL,NULL,0,1,1,2,1,NULL),(218,'2016-11-09','01:10',NULL,NULL,0,0,2,1,1,NULL),(219,'2016-11-09','16:32:00',NULL,NULL,0,1,1,2,1,NULL),(220,'2016-11-09','01:09:00',NULL,NULL,0,1,2,3,1,NULL),(221,'2016-11-09','21:53:00','22:18:00','23:16:00',0,3,2,4,1,NULL),(222,'2016-11-09','01:13:00','22:13:00','23:13:00',0,2,2,4,1,NULL),(223,'2016-11-16','21:49:00','23:07:00','23:13:00',0,3,2,1,1,NULL),(224,'2016-11-16','21:49:00',NULL,NULL,0,1,1,2,1,NULL),(225,'2016-11-16','21:49:00',NULL,NULL,0,0,NULL,3,1,NULL),(226,'2016-11-16','21:49:00',NULL,NULL,0,1,3,4,1,NULL),(227,'2016-11-16','21:49:00',NULL,NULL,0,1,1,5,1,NULL),(228,'2016-11-16','21:49:00','23:06:00','23:09:00',0,2,2,6,1,NULL),(229,'2016-11-16','21:49:00','22:41:00','23:40:00',0,2,1,7,1,NULL),(230,'2016-11-21','16:14:00','22:59','',0,2,1,1,1,NULL),(231,'2016-11-21','16:40:00','22:56:00','22:58:00',0,2,1,8,1,NULL),(232,'2016-11-21','16:43:00',NULL,NULL,0,0,NULL,4,1,NULL),(233,'2016-11-21','16:46:00',NULL,NULL,0,0,NULL,1,1,NULL),(234,'2016-11-21','20:44',NULL,NULL,0,0,NULL,2,1,NULL),(235,'2016-11-27','20:36',NULL,NULL,0,0,NULL,1,1,NULL),(236,'2016-11-29','20:40',NULL,NULL,0,0,NULL,1,1,NULL),(237,'2016-11-29','20:40',NULL,NULL,0,0,NULL,2,1,NULL),(238,'2016-11-29','20:54',NULL,NULL,0,0,NULL,3,1,NULL),(239,'2016-11-29','20:51','16:56','18:40',0,2,2,4,1,NULL),(240,'2016-11-29','20:47','16:56','18:40',0,2,1,5,1,NULL),(241,'2016-11-29','20:40','16:56','16:59',0,2,1,6,1,NULL),(242,'2016-11-29','20:40','17:40','18:40',0,2,1,7,1,NULL),(243,'2016-12-04','09:26',NULL,NULL,3,1,3,1,1,2),(244,'2016-12-04','09:33',NULL,NULL,3,1,3,2,1,2),(245,'2016-12-04','09:44',NULL,NULL,1,1,2,3,1,3),(246,'2016-12-04','09:59',NULL,NULL,3,1,2,4,1,1),(247,'2016-12-04','10:00',NULL,NULL,0,1,1,5,1,3),(248,'2016-12-04','10:02',NULL,NULL,1,1,2,6,1,2),(249,'2016-12-04','11:07',NULL,NULL,0,1,3,7,1,2);
/*!40000 ALTER TABLE `tblinvehicle` ENABLE KEYS */;
UNLOCK TABLES;

--
-- Table structure for table `tbloutdoor`
--

DROP TABLE IF EXISTS `tbloutdoor`;
/*!40101 SET @saved_cs_client     = @@character_set_client */;
/*!40101 SET character_set_client = utf8 */;
CREATE TABLE `tbloutdoor` (
  `idOutDoor` int(11) NOT NULL,
  `nameOutDoor` varchar(255) DEFAULT NULL,
  `capacity` int(11) DEFAULT NULL,
  `idCrossDockingSystem` int(11) DEFAULT NULL,
  `status` int(11) DEFAULT NULL,
  PRIMARY KEY (`idOutDoor`),
  KEY `FK_tblOutDoor_tblCrossDockingSystem` (`idCrossDockingSystem`),
  CONSTRAINT `FK_tblOutDoor_tblCrossDockingSystem` FOREIGN KEY (`idCrossDockingSystem`) REFERENCES `tblcrossdockingsystem` (`idCrossDockingSystem`)
) ENGINE=InnoDB DEFAULT CHARSET=latin1;
/*!40101 SET character_set_client = @saved_cs_client */;

--
-- Dumping data for table `tbloutdoor`
--

LOCK TABLES `tbloutdoor` WRITE;
/*!40000 ALTER TABLE `tbloutdoor` DISABLE KEYS */;
INSERT INTO `tbloutdoor` VALUES (1,'OutDoor 1',1000,1,1),(2,'OutDoor 2',2000,1,1),(3,'OutDoor 3',3000,1,1),(4,'OutDoor 4',4000,1,1),(5,'OutDoor 5',5000,1,1),(6,'dfgfdgd',12,1,0),(7,'dsfdd',55,1,0);
/*!40000 ALTER TABLE `tbloutdoor` ENABLE KEYS */;
UNLOCK TABLES;

--
-- Table structure for table `tbloutvehicle`
--

DROP TABLE IF EXISTS `tbloutvehicle`;
/*!40101 SET @saved_cs_client     = @@character_set_client */;
/*!40101 SET character_set_client = utf8 */;
CREATE TABLE `tbloutvehicle` (
  `idOutVehicle` int(11) NOT NULL,
  `date` date DEFAULT NULL,
  `arrivalTime` varchar(50) DEFAULT NULL,
  `startLoadTime` varchar(50) DEFAULT NULL,
  `finishLoadTime` varchar(50) DEFAULT NULL,
  `demand` double DEFAULT NULL,
  `status` int(11) DEFAULT NULL,
  `idOutDoor` int(11) DEFAULT NULL,
  `idVehicle` int(11) DEFAULT NULL,
  `idCrossDockingSystem` int(11) DEFAULT NULL,
  `idOutDoorAI` int(11) DEFAULT '-1',
  PRIMARY KEY (`idOutVehicle`),
  KEY `FK_tblOutVehicle_tblInDoor` (`idOutDoor`),
  KEY `FK_tblOutVehicle_tblCrossDockingSystem` (`idCrossDockingSystem`),
  KEY `FK_tblOutVehicle_tblVehicle_idx` (`idVehicle`),
  CONSTRAINT `FK_tblOutVehicle_tblCrossDockingSystem` FOREIGN KEY (`idCrossDockingSystem`) REFERENCES `tblcrossdockingsystem` (`idCrossDockingSystem`),
  CONSTRAINT `FK_tblOutVehicle_tblInDoor` FOREIGN KEY (`idOutDoor`) REFERENCES `tbloutdoor` (`idOutDoor`),
  CONSTRAINT `FK_tblOutVehicle_tblVehicle` FOREIGN KEY (`idVehicle`) REFERENCES `tblvehicle` (`idVehicle`)
) ENGINE=InnoDB DEFAULT CHARSET=latin1;
/*!40101 SET character_set_client = @saved_cs_client */;

--
-- Dumping data for table `tbloutvehicle`
--

LOCK TABLES `tbloutvehicle` WRITE;
/*!40000 ALTER TABLE `tbloutvehicle` DISABLE KEYS */;
INSERT INTO `tbloutvehicle` VALUES (1,'2016-08-29','06:30:00',NULL,NULL,20,1,2,8,1,NULL),(2,'2016-08-29','04:30:00',NULL,NULL,30,0,NULL,9,1,NULL),(3,'2016-08-29','05:30:00',NULL,NULL,40,0,NULL,10,1,NULL),(4,'2016-08-29','04:30:00',NULL,NULL,50,0,NULL,11,1,NULL),(5,'2016-08-29','04:30:00',NULL,NULL,60,0,NULL,12,1,NULL),(6,'2016-08-29','04:30:00','22:18:01',NULL,70,2,2,13,1,NULL),(7,'2016-08-29','04:30:00','22:37:15','22:38:04',80,3,1,14,1,NULL),(8,'2016-09-16','23:16:30',NULL,NULL,50,0,NULL,8,1,NULL),(9,'2016-09-17','00:22:30',NULL,NULL,50,0,NULL,8,1,NULL),(10,'2016-09-17','00:22:15',NULL,NULL,30,0,NULL,9,1,NULL),(11,'2016-09-18','20:10:15',NULL,NULL,30,0,NULL,8,1,NULL),(12,'2016-09-18','20:10:15',NULL,NULL,12,0,NULL,8,1,NULL),(13,'2016-10-13','20:48:15',NULL,NULL,123,0,NULL,1,1,NULL),(14,'2016-10-14','02:38:00',NULL,NULL,20,0,NULL,1,1,NULL),(15,'2016-10-16','22:33:15',NULL,NULL,60,0,NULL,1,1,NULL),(16,'2016-10-16','22:44:15',NULL,NULL,60,0,NULL,1,1,NULL),(17,'2016-10-17','23:42:00',NULL,NULL,12,0,NULL,1,1,NULL),(18,'2016-10-18','23:10:00',NULL,NULL,12,0,NULL,1,1,NULL),(19,'2016-10-20','02:13:00',NULL,NULL,12,0,NULL,2,1,NULL),(20,'2016-10-20','02:13:00',NULL,NULL,12,0,NULL,1,1,NULL),(21,'2016-10-20','02:13:00',NULL,NULL,12,0,NULL,3,1,NULL),(22,'2016-10-20','02:13:00',NULL,NULL,12,0,NULL,4,1,NULL),(23,'2016-10-20','02:13:00',NULL,NULL,12,0,NULL,5,1,NULL),(24,'2016-10-20','02:13:00',NULL,NULL,12,0,NULL,6,1,NULL),(25,'2016-10-20','02:13:00',NULL,NULL,12,0,NULL,7,1,NULL),(26,'2016-10-20','02:13:00',NULL,NULL,12,0,NULL,8,1,NULL),(27,'2016-10-20','02:13:00',NULL,NULL,12,0,NULL,9,1,NULL),(28,'2016-10-20','02:13:00',NULL,NULL,12,0,NULL,10,1,NULL),(29,'2016-10-20','02:13:00',NULL,NULL,12,0,NULL,11,1,NULL),(30,'2016-10-20','02:13:00',NULL,NULL,12,0,NULL,12,1,NULL),(31,'2016-10-20','03:15:00',NULL,NULL,50,0,NULL,1,1,NULL),(32,'2016-10-20','03:15:00',NULL,NULL,50,0,NULL,2,1,NULL),(33,'2016-10-20','03:15:00',NULL,NULL,50,0,NULL,3,1,NULL),(35,'2016-10-20','23:36:00',NULL,NULL,32,0,NULL,1,1,NULL),(36,'2016-10-20','23:37:00',NULL,NULL,43,0,NULL,2,1,NULL),(37,'2016-10-20','23:44:00',NULL,NULL,32,0,NULL,6,1,NULL),(38,'2016-10-20','23:49:00',NULL,NULL,12,0,NULL,3,1,NULL),(39,'2016-10-20','23:49:00',NULL,NULL,12,0,NULL,5,1,NULL),(40,'2016-10-20','23:49:00',NULL,NULL,12,0,NULL,6,1,NULL),(41,'2016-10-20','23:50:00',NULL,NULL,32,0,NULL,8,1,NULL),(42,'2016-10-22','14:13:00',NULL,NULL,12,0,NULL,1,1,NULL),(48,'2016-10-23','04:37:00',NULL,NULL,12,0,NULL,2,1,NULL),(49,'2016-10-23','04:37:00',NULL,NULL,12,0,NULL,3,1,NULL),(50,'2016-10-23','04:37:00',NULL,NULL,12,0,NULL,4,1,NULL),(54,'2016-10-23','04:37:00',NULL,NULL,41,0,NULL,17,1,NULL),(55,'2016-10-23','03:48:00',NULL,NULL,12,0,NULL,1,1,NULL),(56,'2016-10-23','03:48:00',NULL,NULL,12,0,NULL,2,1,NULL),(58,'2016-10-23','03:48:00',NULL,NULL,12,0,NULL,4,1,NULL),(62,'2016-10-23','03:48:00',NULL,NULL,12,0,NULL,8,1,NULL),(63,'2016-10-23','03:48:00',NULL,NULL,12,0,NULL,9,1,NULL),(64,'2016-10-23','03:48:00',NULL,NULL,12,0,NULL,10,1,NULL),(65,'2016-10-23','03:48:00',NULL,NULL,12,0,NULL,11,1,NULL),(66,'2016-10-23','05:58:00',NULL,NULL,45,0,NULL,1,1,NULL),(67,'2016-10-23','05:58:00',NULL,NULL,45,0,NULL,2,1,NULL),(68,'2016-10-23','05:58:00',NULL,NULL,45,0,NULL,3,1,NULL),(69,'2016-10-23','15:29:00',NULL,NULL,12,0,NULL,1,1,NULL),(70,'2016-10-23','15:29:00',NULL,NULL,12,0,NULL,2,1,NULL),(71,'2016-10-25','21:46:00',NULL,NULL,30,0,NULL,1,1,NULL),(72,'2016-10-25','21:46:00',NULL,NULL,30,0,NULL,2,1,NULL),(73,'2016-10-25','21:46:00',NULL,NULL,30,0,NULL,3,1,NULL),(74,'2016-10-25','21:46:00',NULL,NULL,30,0,NULL,4,1,NULL),(75,'2016-10-25','21:46:00',NULL,NULL,30,0,NULL,5,1,NULL),(76,'2016-10-25','21:46:00',NULL,NULL,30,0,NULL,6,1,NULL),(77,'2016-10-25','22:12:00',NULL,NULL,60,0,NULL,5,1,NULL),(78,'2016-10-25','22:12:00',NULL,NULL,60,0,NULL,4,1,NULL),(79,'2016-10-25','22:12:00',NULL,NULL,60,0,NULL,3,1,NULL),(80,'2016-10-25','22:12:00',NULL,NULL,60,0,NULL,2,1,NULL),(81,'2016-10-25','22:12:00',NULL,NULL,60,0,NULL,10,1,NULL),(82,'2016-10-27','02:09:00',NULL,NULL,60,0,NULL,1,1,NULL),(83,'2016-10-27','02:09:00',NULL,NULL,60,0,NULL,2,1,NULL),(84,'2016-10-27','02:09:00',NULL,NULL,60,0,NULL,3,1,NULL),(85,'2016-10-27','02:09:00',NULL,NULL,60,0,NULL,4,1,NULL),(86,'2016-10-27','02:09:00',NULL,NULL,60,0,NULL,5,1,NULL),(87,'2016-10-27','02:09:00',NULL,NULL,60,0,NULL,6,1,NULL),(88,'2016-10-27','02:09:00',NULL,NULL,60,0,NULL,7,1,NULL),(89,'2016-10-27','02:09:00',NULL,NULL,60,0,NULL,8,1,NULL),(90,'2016-10-27','02:09:00',NULL,NULL,60,0,NULL,9,1,NULL),(91,'2016-10-27','02:09:00',NULL,NULL,60,0,NULL,10,1,NULL),(92,'2016-10-27','02:09:00',NULL,NULL,60,0,NULL,11,1,NULL),(93,'2016-10-27','02:09:00',NULL,NULL,60,0,NULL,12,1,NULL),(94,'2016-10-27','02:09:00',NULL,NULL,60,0,NULL,13,1,NULL),(95,'2016-10-27','02:09:00',NULL,NULL,60,0,NULL,14,1,NULL),(96,'2016-10-27','02:09:00',NULL,NULL,60,0,NULL,15,1,NULL),(97,'2016-10-27','02:09:00',NULL,NULL,60,0,NULL,16,1,NULL),(98,'2016-10-27','02:09:00',NULL,NULL,60,0,NULL,17,1,NULL),(99,'2016-10-27','02:09:00',NULL,NULL,60,0,NULL,18,1,NULL),(100,'2016-10-27','02:09:00',NULL,NULL,60,0,NULL,19,1,NULL),(101,'2016-10-27','03:09:00',NULL,NULL,60,0,NULL,1,1,NULL),(102,'2016-10-27','03:09:00',NULL,NULL,60,0,NULL,2,1,NULL),(103,'2016-10-27','03:09:00',NULL,NULL,60,0,NULL,3,1,NULL),(104,'2016-10-27','03:09:00',NULL,NULL,60,0,NULL,4,1,NULL),(105,'2016-10-27','03:09:00',NULL,NULL,60,0,NULL,5,1,NULL),(106,'2016-10-27','03:09:00',NULL,NULL,60,0,NULL,6,1,NULL),(107,'2016-10-27','03:09:00',NULL,NULL,60,0,NULL,7,1,NULL),(108,'2016-10-27','03:09:00',NULL,NULL,60,0,NULL,8,1,NULL),(109,'2016-10-27','03:09:00',NULL,NULL,60,0,NULL,9,1,NULL),(110,'2016-10-27','03:09:00',NULL,NULL,60,0,NULL,10,1,NULL),(111,'2016-10-27','03:09:00',NULL,NULL,60,0,NULL,11,1,NULL),(112,'2016-10-27','03:09:00',NULL,NULL,60,0,NULL,12,1,NULL),(113,'2016-10-27','03:09:00',NULL,NULL,60,0,NULL,13,1,NULL),(114,'2016-10-27','03:09:00',NULL,NULL,60,0,NULL,14,1,NULL),(115,'2016-10-27','03:09:00',NULL,NULL,60,0,NULL,15,1,NULL),(116,'2016-10-27','03:09:00',NULL,NULL,60,0,NULL,16,1,NULL),(117,'2016-10-27','03:09:00',NULL,NULL,60,0,NULL,17,1,NULL),(118,'2016-10-27','03:09:00',NULL,NULL,60,0,NULL,18,1,NULL),(119,'2016-10-27','03:09:00',NULL,NULL,60,0,NULL,19,1,NULL),(120,'2016-10-30','02:41:00',NULL,NULL,10,0,NULL,1,1,NULL),(121,'2016-10-30','02:41:00',NULL,NULL,10,0,NULL,2,1,NULL),(122,'2016-10-30','02:41:00',NULL,NULL,10,0,NULL,3,1,NULL),(123,'2016-10-30','02:43:00',NULL,NULL,10,0,NULL,4,1,NULL),(124,'2016-10-30','02:46:00',NULL,NULL,10,0,NULL,4,1,NULL),(125,'2016-10-31','22:38:00',NULL,NULL,30,0,NULL,8,1,NULL),(126,'2016-10-31','22:39:00',NULL,NULL,10,0,NULL,9,1,NULL),(127,'2016-11-01','21:59:00',NULL,NULL,10,0,NULL,1,1,NULL),(128,'2016-11-01','21:59:00',NULL,NULL,10,0,NULL,2,1,NULL),(129,'2016-11-03','23:40:00',NULL,NULL,NULL,0,NULL,1,1,NULL),(130,'2016-11-03','23:40:00',NULL,NULL,NULL,0,NULL,2,1,NULL),(131,'2016-11-03','23:40:00',NULL,NULL,NULL,0,NULL,3,1,NULL),(132,'2016-11-03','23:40:00',NULL,NULL,NULL,0,NULL,4,1,NULL),(133,'2016-11-03','23:40:00',NULL,NULL,NULL,0,NULL,5,1,NULL),(134,'2016-11-03','23:40:00',NULL,NULL,NULL,0,NULL,6,1,NULL),(135,'2016-11-03','23:40:00',NULL,NULL,NULL,0,NULL,7,1,NULL),(136,'2016-11-03','23:41:00',NULL,NULL,NULL,0,NULL,8,1,NULL),(137,'2016-11-03','23:40:00',NULL,NULL,NULL,0,NULL,9,1,NULL),(138,'2016-11-03','23:40:00',NULL,NULL,NULL,0,NULL,10,1,NULL),(139,'2016-11-03','23:40:00',NULL,NULL,NULL,0,NULL,11,1,NULL),(140,'2016-11-03','00:41:00',NULL,NULL,NULL,0,NULL,12,1,NULL),(141,'2016-11-03','01:40:00',NULL,NULL,NULL,0,NULL,13,1,NULL),(142,'2016-11-05','21:25:00',NULL,NULL,NULL,0,NULL,18,1,NULL),(143,'2016-11-06','01:00:00',NULL,NULL,NULL,0,NULL,19,1,NULL),(144,'2016-11-06','01:01:00',NULL,NULL,NULL,0,NULL,13,1,NULL),(145,'2016-11-07','23:50:00',NULL,NULL,0,0,NULL,1,1,NULL),(146,'2016-11-07','23:19:00',NULL,NULL,0,0,NULL,2,1,NULL),(147,'2016-11-08','01:19:00',NULL,NULL,0,0,NULL,1,1,NULL),(148,'2016-11-08','03:19:00',NULL,NULL,0,0,NULL,2,1,NULL),(149,'2016-11-09','01:16:00',NULL,NULL,0,1,1,1,1,NULL),(150,'2016-11-09','21:24:00',NULL,NULL,0,0,2,8,1,NULL),(151,'2016-11-09','21:25:00',NULL,NULL,0,0,3,9,1,NULL),(152,'2016-11-09','21:24:00',NULL,NULL,0,1,2,10,1,NULL),(153,'2016-11-09','21:24:00','02:22:00','03:22:00',0,3,2,11,1,NULL),(154,'2016-11-09','21:31:00','02:05:00','03:03:00',0,2,2,13,1,NULL),(155,'2016-11-16','21:24:00',NULL,NULL,0,1,2,8,1,NULL),(156,'2016-11-16','21:24:00','23:16:00','23:16:00',0,3,2,9,1,NULL),(157,'2016-11-16','21:24:00',NULL,NULL,0,1,3,10,1,NULL),(158,'2016-11-16','21:24:00',NULL,NULL,0,1,2,11,1,NULL),(159,'2016-11-16','21:24:00',NULL,NULL,0,1,2,12,1,NULL),(160,'2016-11-16','21:24:00',NULL,NULL,0,1,1,13,1,NULL),(161,'2016-11-16','21:24:00','23:16:00','23:18:00',0,2,1,14,1,NULL),(162,'2016-11-21','16:40:00','23:00','',0,2,4,1,1,NULL),(163,'2016-11-21','16:44:00',NULL,NULL,0,0,NULL,1,1,NULL),(164,'2016-11-21','16:44:00',NULL,NULL,0,0,NULL,2,1,NULL),(165,'2016-11-21','17:44:00',NULL,NULL,0,0,NULL,5,1,NULL),(166,'2016-11-21','21:07:00',NULL,NULL,0,0,NULL,2,1,NULL),(167,'2016-11-27','21:37',NULL,NULL,0,0,NULL,8,1,NULL),(168,'2016-11-29','22:41','17:40','18:40',0,2,3,8,1,NULL),(169,'2016-11-29','22:41','17:40','19:40',0,2,3,9,1,NULL),(170,'2016-11-29','22:41','17:40','18:40',0,2,3,10,1,NULL),(171,'2016-11-29','22:41','16:40','17:40',0,2,3,11,1,NULL),(172,'2016-11-29','22:41','16:42','17:40',0,2,3,12,1,NULL),(173,'2016-11-29','22:41','16:41','16:51',0,2,3,13,1,NULL),(174,'2016-11-29','22:41','14:47','16:43',0,2,3,14,1,NULL),(175,'2016-11-29','22:41','15:40','17:40',0,2,3,15,1,NULL),(176,'2016-11-29','22:41','17:40','18:40',0,2,3,16,1,NULL),(177,'2016-11-29','22:41',NULL,NULL,0,1,2,17,1,NULL),(178,'2016-11-29','22:41',NULL,NULL,0,1,1,18,1,NULL),(179,'2016-11-29','22:41',NULL,NULL,0,1,1,19,1,NULL),(180,'2016-12-04','09:27',NULL,NULL,0,1,3,8,1,2),(181,'2016-12-04','09:36',NULL,NULL,0,1,3,9,1,2),(182,'2016-12-04','09:41',NULL,NULL,0,1,3,10,1,2),(183,'2016-12-04','09:50',NULL,NULL,0,1,3,11,1,2),(184,'2016-12-04','09:57',NULL,NULL,0,1,2,12,1,3),(185,'2016-12-04','10:57',NULL,NULL,0,1,2,13,1,3),(186,'2016-12-04','11:57','16:59','18:00',0,2,2,14,1,2),(187,'2016-12-04','10:27',NULL,NULL,0,0,2,15,1,3);
/*!40000 ALTER TABLE `tbloutvehicle` ENABLE KEYS */;
UNLOCK TABLES;

--
-- Table structure for table `tblproduct`
--

DROP TABLE IF EXISTS `tblproduct`;
/*!40101 SET @saved_cs_client     = @@character_set_client */;
/*!40101 SET character_set_client = utf8 */;
CREATE TABLE `tblproduct` (
  `id` int(11) NOT NULL,
  `name` varchar(255) DEFAULT NULL,
  `desc` varchar(255) DEFAULT NULL,
  `idProductType` int(11) DEFAULT NULL,
  PRIMARY KEY (`id`)
) ENGINE=InnoDB DEFAULT CHARSET=latin1;
/*!40101 SET character_set_client = @saved_cs_client */;

--
-- Dumping data for table `tblproduct`
--

LOCK TABLES `tblproduct` WRITE;
/*!40000 ALTER TABLE `tblproduct` DISABLE KEYS */;
INSERT INTO `tblproduct` VALUES (1,'Product 1','Des 1',1),(2,'Product 2','Des 2',1),(3,'Product 3','Des 3',2),(4,'Product 4','Des 4',2),(5,'Product 5','Des 5',3),(6,'Product 6','Des 6',3);
/*!40000 ALTER TABLE `tblproduct` ENABLE KEYS */;
UNLOCK TABLES;

--
-- Table structure for table `tblproductinvehicle`
--

DROP TABLE IF EXISTS `tblproductinvehicle`;
/*!40101 SET @saved_cs_client     = @@character_set_client */;
/*!40101 SET character_set_client = utf8 */;
CREATE TABLE `tblproductinvehicle` (
  `id` int(11) NOT NULL,
  `quantity` int(11) DEFAULT NULL,
  `idUnit` int(11) DEFAULT NULL,
  `idProduct` int(11) DEFAULT NULL,
  `idInVehicle` int(11) DEFAULT NULL,
  PRIMARY KEY (`id`),
  KEY `FK_tblProductInVehicle_tblProduct` (`idProduct`),
  KEY `FK_tblProductInVehicle_tblInVehicle` (`idInVehicle`),
  CONSTRAINT `FK_tblProductInVehicle_tblInVehicle` FOREIGN KEY (`idInVehicle`) REFERENCES `tblinvehicle` (`idInVehicle`),
  CONSTRAINT `FK_tblProductInVehicle_tblProduct` FOREIGN KEY (`idProduct`) REFERENCES `tblproduct` (`id`)
) ENGINE=InnoDB DEFAULT CHARSET=latin1;
/*!40101 SET character_set_client = @saved_cs_client */;

--
-- Dumping data for table `tblproductinvehicle`
--

LOCK TABLES `tblproductinvehicle` WRITE;
/*!40000 ALTER TABLE `tblproductinvehicle` DISABLE KEYS */;
INSERT INTO `tblproductinvehicle` VALUES (1,23,1,2,210),(3,30,1,3,210),(4,20,1,4,210),(5,20,1,1,209),(6,20,1,2,209),(8,12,1,1,208),(9,12,1,1,207),(10,1,1,2,208),(11,24,1,1,210),(12,40,1,1,211),(13,35,1,2,211),(14,20,1,1,212),(15,10,1,1,206),(16,10,1,2,186),(17,10,1,1,185),(18,10,1,1,183),(19,10,1,1,182),(20,10,1,1,180),(21,12,1,1,179),(22,10,1,1,184),(23,10,1,2,181),(24,10,1,2,178),(25,10,1,2,177),(26,10,1,2,176),(27,10,1,3,175),(28,10,1,3,174),(29,10,1,3,171),(30,10,1,3,170),(31,10,1,5,173),(32,10,1,5,172),(33,42,1,1,143),(34,20,1,1,213),(35,20,1,1,214),(36,30,1,1,217),(37,20,1,1,218),(38,20,1,1,220),(39,20,1,1,222),(40,20,1,1,219),(41,20,1,1,221),(42,10,1,1,229),(43,20,1,1,228),(44,30,1,1,227),(45,10,1,4,226),(46,20,1,4,224),(47,20,1,5,225),(48,20,1,5,223),(49,22,1,1,231),(50,12,1,2,231),(51,20,1,1,232),(52,1234,1,2,233),(53,10,1,2,235),(54,40,1,1,242),(55,50,1,1,241),(56,50,1,2,240),(57,20,1,3,239),(58,20,1,4,238),(59,30,1,4,237),(60,10,1,4,236),(61,40,1,1,243),(62,40,1,2,243),(63,30,1,3,244),(64,30,1,5,245),(65,40,1,6,246),(66,20,1,3,249),(67,30,1,4,248),(68,20,1,3,247);
/*!40000 ALTER TABLE `tblproductinvehicle` ENABLE KEYS */;
UNLOCK TABLES;

--
-- Table structure for table `tblproductoutvehicle`
--

DROP TABLE IF EXISTS `tblproductoutvehicle`;
/*!40101 SET @saved_cs_client     = @@character_set_client */;
/*!40101 SET character_set_client = utf8 */;
CREATE TABLE `tblproductoutvehicle` (
  `id` int(11) NOT NULL,
  `quantity` int(11) DEFAULT NULL,
  `idProduct` int(11) DEFAULT NULL,
  `idOutVehicle` int(11) DEFAULT NULL,
  `idUnit` int(11) DEFAULT NULL,
  PRIMARY KEY (`id`),
  KEY `FK_tblProductOutVehicle_tblProduct` (`idProduct`),
  KEY `FK_tblProductOutVehicle_tblOutVehicle` (`idOutVehicle`)
) ENGINE=InnoDB DEFAULT CHARSET=latin1;
/*!40101 SET character_set_client = @saved_cs_client */;

--
-- Dumping data for table `tblproductoutvehicle`
--

LOCK TABLES `tblproductoutvehicle` WRITE;
/*!40000 ALTER TABLE `tblproductoutvehicle` DISABLE KEYS */;
INSERT INTO `tblproductoutvehicle` VALUES (1,2,1,147,1),(2,11,1,149,1),(3,10,1,150,1),(4,10,1,151,1),(5,15,1,152,1),(6,20,1,153,1),(7,20,1,154,1),(8,10,1,155,1),(9,20,1,156,1),(10,10,1,157,1),(11,10,1,158,1),(12,10,1,159,1),(13,10,4,160,1),(14,10,4,161,1),(15,10,5,158,1),(16,10,5,159,1),(17,10,4,158,1),(18,10,1,162,1),(19,10,1,163,1),(20,10,2,167,1),(21,10,1,168,1),(22,10,1,169,1),(23,10,1,170,1),(24,10,1,171,1),(25,10,1,172,1),(26,10,1,173,1),(27,10,1,174,1),(28,10,1,175,1),(29,10,1,176,1),(30,10,2,176,1),(31,10,2,177,1),(32,10,2,178,1),(33,10,2,179,1),(34,10,2,172,1),(35,10,3,168,1),(36,10,3,169,1),(37,20,1,180,1),(38,20,1,181,1),(39,20,2,182,1),(40,20,2,183,1),(41,10,3,182,1),(42,30,3,183,1),(43,10,5,184,1),(44,20,5,185,1),(45,40,6,186,1);
/*!40000 ALTER TABLE `tblproductoutvehicle` ENABLE KEYS */;
UNLOCK TABLES;

--
-- Table structure for table `tblproducttransfer`
--

DROP TABLE IF EXISTS `tblproducttransfer`;
/*!40101 SET @saved_cs_client     = @@character_set_client */;
/*!40101 SET character_set_client = utf8 */;
CREATE TABLE `tblproducttransfer` (
  `id` int(11) NOT NULL,
  `idInVehicle` int(11) DEFAULT NULL,
  `idOutVehicle` int(11) DEFAULT NULL,
  `transfer` int(11) DEFAULT NULL,
  PRIMARY KEY (`id`),
  KEY `PK_tblProductTrasferTime_tblInVehicle` (`idInVehicle`),
  KEY `PK_tblProductTrasferTime_tblOutVehicle` (`idOutVehicle`)
) ENGINE=InnoDB DEFAULT CHARSET=latin1;
/*!40101 SET character_set_client = @saved_cs_client */;

--
-- Dumping data for table `tblproducttransfer`
--

LOCK TABLES `tblproducttransfer` WRITE;
/*!40000 ALTER TABLE `tblproducttransfer` DISABLE KEYS */;
INSERT INTO `tblproducttransfer` VALUES (2,214,147,1),(3,217,149,1),(4,217,150,1),(5,217,151,1),(6,218,152,1),(7,222,153,1),(8,218,149,2),(9,220,153,2),(10,219,152,2),(11,221,154,2),(12,229,155,1),(13,228,156,2),(14,227,157,1),(15,227,158,1),(16,227,159,1),(17,224,160,2),(18,224,161,2),(19,223,158,3),(20,223,159,3),(21,226,158,2),(22,231,162,1),(23,232,163,1),(24,235,167,1),(25,242,168,1),(26,242,169,1),(27,242,170,1),(28,242,171,1),(29,241,172,1),(30,241,173,1),(31,241,174,1),(32,241,175,1),(33,241,176,1),(34,240,176,1),(35,240,177,1),(36,240,178,1),(37,240,179,1),(38,240,172,1),(39,239,168,2),(40,239,169,2),(41,243,180,2),(42,243,181,2),(43,243,182,2),(44,243,183,2),(45,244,182,2),(46,244,183,4),(47,245,184,3),(48,245,185,2),(49,246,186,3),(50,249,183,2);
/*!40000 ALTER TABLE `tblproducttransfer` ENABLE KEYS */;
UNLOCK TABLES;

--
-- Table structure for table `tblproducttransform`
--

DROP TABLE IF EXISTS `tblproducttransform`;
/*!40101 SET @saved_cs_client     = @@character_set_client */;
/*!40101 SET character_set_client = utf8 */;
CREATE TABLE `tblproducttransform` (
  `id` int(11) NOT NULL,
  `idInVehicle` int(11) DEFAULT NULL,
  `idOutVehicle` int(11) DEFAULT NULL,
  `quantity` int(11) DEFAULT NULL,
  `idUnit` int(11) DEFAULT NULL,
  `idProduct` int(11) DEFAULT NULL,
  PRIMARY KEY (`id`),
  KEY `FK_tblProductTransform_tblProductInVehicle` (`idInVehicle`),
  KEY `FK_tblProductTransform_tblProductOutVehicle` (`idOutVehicle`)
) ENGINE=InnoDB DEFAULT CHARSET=latin1;
/*!40101 SET character_set_client = @saved_cs_client */;

--
-- Dumping data for table `tblproducttransform`
--

LOCK TABLES `tblproducttransform` WRITE;
/*!40000 ALTER TABLE `tblproducttransform` DISABLE KEYS */;
INSERT INTO `tblproducttransform` VALUES (2,214,147,2,1,1),(3,217,149,1,1,1),(4,217,150,10,1,1),(5,217,151,10,1,1),(6,218,152,10,1,1),(7,222,153,10,1,1),(8,218,149,10,1,1),(9,220,153,10,1,1),(10,219,152,5,1,1),(11,221,154,20,1,1),(12,229,155,10,1,1),(13,228,156,20,1,1),(14,227,157,10,1,1),(15,227,158,10,1,1),(16,227,159,10,1,1),(17,224,160,10,1,4),(18,224,161,10,1,4),(19,223,158,10,1,5),(20,223,159,10,1,5),(21,226,158,10,1,4),(22,231,162,10,1,1),(23,232,163,10,1,1),(24,235,167,10,1,2),(25,242,168,10,1,1),(26,242,169,10,1,1),(27,242,170,10,1,1),(28,242,171,10,1,1),(29,241,172,10,1,1),(30,241,173,10,1,1),(31,241,174,10,1,1),(32,241,175,10,1,1),(33,241,176,10,1,1),(34,240,176,10,1,2),(35,240,177,10,1,2),(36,240,178,10,1,2),(37,240,179,10,1,2),(38,240,172,10,1,2),(39,239,168,10,1,3),(40,239,169,10,1,3),(41,243,180,20,1,1),(42,243,181,20,1,1),(43,243,182,20,1,2),(44,243,183,20,1,2),(45,244,182,10,1,3),(46,244,183,20,1,3),(47,245,184,10,1,5),(48,245,185,20,1,5),(49,246,186,40,1,6),(50,249,183,10,1,3);
/*!40000 ALTER TABLE `tblproducttransform` ENABLE KEYS */;
UNLOCK TABLES;

--
-- Table structure for table `tblproducttype`
--

DROP TABLE IF EXISTS `tblproducttype`;
/*!40101 SET @saved_cs_client     = @@character_set_client */;
/*!40101 SET character_set_client = utf8 */;
CREATE TABLE `tblproducttype` (
  `id` int(11) NOT NULL,
  `name` varchar(255) DEFAULT NULL,
  `desc` varchar(255) DEFAULT NULL,
  PRIMARY KEY (`id`)
) ENGINE=InnoDB DEFAULT CHARSET=latin1;
/*!40101 SET character_set_client = @saved_cs_client */;

--
-- Dumping data for table `tblproducttype`
--

LOCK TABLES `tblproducttype` WRITE;
/*!40000 ALTER TABLE `tblproducttype` DISABLE KEYS */;
INSERT INTO `tblproducttype` VALUES (1,'Type 1','Desc 1'),(2,'Type 2','Desc 2'),(3,'Type 3','Desc 3');
/*!40000 ALTER TABLE `tblproducttype` ENABLE KEYS */;
UNLOCK TABLES;

--
-- Table structure for table `tbltransferrule`
--

DROP TABLE IF EXISTS `tbltransferrule`;
/*!40101 SET @saved_cs_client     = @@character_set_client */;
/*!40101 SET character_set_client = utf8 */;
CREATE TABLE `tbltransferrule` (
  `id` int(11) NOT NULL,
  `idProductType` int(11) DEFAULT NULL,
  `transferNumber` int(11) DEFAULT NULL,
  PRIMARY KEY (`id`)
) ENGINE=InnoDB DEFAULT CHARSET=latin1;
/*!40101 SET character_set_client = @saved_cs_client */;

--
-- Dumping data for table `tbltransferrule`
--

LOCK TABLES `tbltransferrule` WRITE;
/*!40000 ALTER TABLE `tbltransferrule` DISABLE KEYS */;
INSERT INTO `tbltransferrule` VALUES (1,1,1),(2,2,2),(3,3,3);
/*!40000 ALTER TABLE `tbltransferrule` ENABLE KEYS */;
UNLOCK TABLES;

--
-- Table structure for table `tblunit`
--

DROP TABLE IF EXISTS `tblunit`;
/*!40101 SET @saved_cs_client     = @@character_set_client */;
/*!40101 SET character_set_client = utf8 */;
CREATE TABLE `tblunit` (
  `id` int(11) NOT NULL,
  `name` varchar(45) DEFAULT NULL,
  `desc` varchar(255) DEFAULT NULL,
  PRIMARY KEY (`id`)
) ENGINE=InnoDB DEFAULT CHARSET=latin1;
/*!40101 SET character_set_client = @saved_cs_client */;

--
-- Dumping data for table `tblunit`
--

LOCK TABLES `tblunit` WRITE;
/*!40000 ALTER TABLE `tblunit` DISABLE KEYS */;
INSERT INTO `tblunit` VALUES (1,'kg','desc');
/*!40000 ALTER TABLE `tblunit` ENABLE KEYS */;
UNLOCK TABLES;

--
-- Table structure for table `tblvehicle`
--

DROP TABLE IF EXISTS `tblvehicle`;
/*!40101 SET @saved_cs_client     = @@character_set_client */;
/*!40101 SET character_set_client = utf8 */;
CREATE TABLE `tblvehicle` (
  `idVehicle` int(11) NOT NULL,
  `code` varchar(255) DEFAULT NULL,
  `type` varchar(255) DEFAULT NULL,
  `company` varchar(255) DEFAULT NULL,
  `description` varchar(255) DEFAULT NULL,
  PRIMARY KEY (`idVehicle`)
) ENGINE=InnoDB DEFAULT CHARSET=latin1;
/*!40101 SET character_set_client = @saved_cs_client */;

--
-- Dumping data for table `tblvehicle`
--

LOCK TABLES `tblvehicle` WRITE;
/*!40000 ALTER TABLE `tblvehicle` DISABLE KEYS */;
INSERT INTO `tblvehicle` VALUES (1,'29A-12345','Type 1','Company','Des 1'),(2,'29B-12345','Type 1','Company','Des 1'),(3,'29C-12345','Type 1','Company','Des 1'),(4,'29D-12345','Type 1','Company','Des 1'),(5,'29E-12345','Type 1','Company','Des 1'),(6,'29F-12345','Type 1','Company','Des 1'),(7,'29G-12345','Type 1','Company','Des 1'),(8,'30A-12345','Type 1','Company','Des 1'),(9,'30B-12345','Type 1','Company','Des 1'),(10,'30C-12345','Type 1','Company','Des 1'),(11,'30D-12345','Type 1','Company','Des 1'),(12,'30E-12345','Type 1','Company','Des 1'),(13,'30F-12345','Type 1','Company','Des 1'),(14,'30G-12345','Type 1','Company','Des 1'),(15,'31A-12345','Type 1','Company','Des 1'),(16,'31B-12345','Type 1','Company ','Des 1'),(17,'31C-12345','Type 1','Company ','Des 1'),(18,'31D-12345','Type ','Company ','Des 1'),(19,'31F-12345','Type 2','Company','Des 2');
/*!40000 ALTER TABLE `tblvehicle` ENABLE KEYS */;
UNLOCK TABLES;
/*!40103 SET TIME_ZONE=@OLD_TIME_ZONE */;

/*!40101 SET SQL_MODE=@OLD_SQL_MODE */;
/*!40014 SET FOREIGN_KEY_CHECKS=@OLD_FOREIGN_KEY_CHECKS */;
/*!40014 SET UNIQUE_CHECKS=@OLD_UNIQUE_CHECKS */;
/*!40101 SET CHARACTER_SET_CLIENT=@OLD_CHARACTER_SET_CLIENT */;
/*!40101 SET CHARACTER_SET_RESULTS=@OLD_CHARACTER_SET_RESULTS */;
/*!40101 SET COLLATION_CONNECTION=@OLD_COLLATION_CONNECTION */;
/*!40111 SET SQL_NOTES=@OLD_SQL_NOTES */;

-- Dump completed on 2016-12-08 21:56:28
